epoch,train,valid,test,train_loss

0.06005129226402972,0.1236259662569258,0.1684360162007393,0.2050522273289293,0.22942708142396015,0.2791122074391087,0.33260944175963225,0.371171444899045,0.39988619516626894,0.4217007951102955,0.4634563361978534,0.48245748404741035,0.505108022053635,0.5306427222902514,0.5501477164153272,0.6312813741089867,0.6580321317305714,0.6762609882042419,0.6918201405161325,0.7084785803468978,0.7196304142216029
0.059285709724397,0.11348617527171603,0.15325280835160915,0.1831968590652497,0.19030705713680052,0.22416082424010275,0.24520729070547856,0.2564988646007281,0.267964278742131,0.26898145267772994,0.27576109477851224,0.2722769830124011,0.2691934665079775,0.2719194888207498,0.2759368558696396,0.2933782041780875,0.29097969512602206,0.2918277165468019,0.2891061212872878,0.28636748728864597,0.2878842891916843
0.05832668103472894,0.11156716419741117,0.14844372540928027,0.17862378995231915,0.18801108842685854,0.2208736245018011,0.24210641331092655,0.2531672450920597,0.2640598530399271,0.26336650181911786,0.2715988425916566,0.27207542024515347,0.27057413495402705,0.27317247821285057,0.2720411298339996,0.2888816146358772,0.2887043262265656,0.2874147117924773,0.2848329308161771,0.2826072352076882,0.28202723734833324
0.14150722500906415,0.047018216629278714,0.04439221526253714,0.04234057631734844,0.04094754711201746,0.03782504996429431,0.035612010923150465,0.03385963858857955,0.03245860501579498,0.031173223637928973,0.03007561567099127,0.02906087856909864,0.028127098165996817,0.02729546937666255,0.026475740580321993,0.022202923252464157,0.02071004486595999,0.019762583143294675,0.018977745741044414,0.018262035195549874,0.016631806815323766
