ts_fk_algo_hp,seed,test,valid,best_val_epoch,best_train,min_train_loss
"fc09bf8_1GSOE:-0.1,-0.2,-0.3,-0.4,-0.5:P::4,5:,:4,5:,:4,5:,:4,5:,:4,5::D_6_160_0.001_5:40,75,110,145,180,215,250,305,340:0.6B64W4/T1671801338_S0",0,0.0713811838068068,0.08421170618385077,286,0.008888512191356748,0.013259572854894361
