epoch,train,valid,test,train_loss

0.07728605580492394,0.139472598533471,0.1897041881809727,0.22432645166707557,0.25532323303429744,0.3035442993049205,0.35712775488066006,0.4067197850936474,0.4536839248491568,0.4776273482887966,0.589482703770065,0.6261337772981268,0.6527940549879289,0.6813514894604656,0.7160497745656547,0.7481092090489209,0.7604829842390277,0.7730227757855597,0.7841588071412745,0.792725935447263,0.7973369108636733
0.07379858086798702,0.12567099100167892,0.16422039625037949,0.19417504484986667,0.21211765860410384,0.231350276838318,0.2549678096913977,0.2631288004161237,0.2769946020632196,0.2746139506229041,0.3078653892759911,0.30443392907024036,0.3076871581877819,0.298826478156563,0.30322545786928945,0.303613747854334,0.3012485720653196,0.30026017472059296,0.29931621249683693,0.29903741456615685,0.2979042924802973
0.07062540292166328,0.11826701609040301,0.15957068335859279,0.18749959182393705,0.20336050139410436,0.22512632641251137,0.24780363398082883,0.2574509722633623,0.2698967478719866,0.2677420013201109,0.29736290671087456,0.29573259345871766,0.29712700855048685,0.2897766874511387,0.29158937722153233,0.2910946478069217,0.289122159591088,0.28946368127825495,0.2882749670044147,0.2858431113770149,0.28570432599951623
0.08623823227335328,0.04649067441622416,0.04397089728107463,0.04200935480869524,0.04045549525585893,0.03709084812194517,0.034622315893026244,0.032694419426460786,0.03098629224160899,0.02952796597254875,0.024776874981548416,0.022888010544319676,0.021545674614097975,0.020230276447861163,0.019005739267864457,0.016304093380735074,0.015562673196468724,0.01505695693109814,0.014543052064297407,0.014051363720265154,0.013156768245937209
