epoch,train,valid,test,train_loss

0.0743435121917866,0.1386796699718922,0.1910507148910205,0.23287760754426512,0.24691374639292632,0.31225574565624137,0.3611412566302781,0.40577555748086713,0.44669008814876426,0.48668814264324517,0.5874858301988503,0.6237939198805216,0.6520691535039006,0.6846614618235609,0.7116838923071599,0.7443981744835605,0.7563425875063066,0.7686109261506704,0.7802282979707614,0.7908441529900633,0.7960265167900451
0.07255730643554424,0.12321449257367882,0.1641936978737418,0.19606301823793368,0.20979855388623112,0.23803693652098842,0.24861657322428943,0.2673864334030856,0.27116017235764095,0.28364028559058896,0.30817984427454526,0.30684338750604856,0.3074411976791513,0.30352123561887456,0.30383643534902494,0.30267619181172095,0.3005935508429195,0.29910198481734473,0.29803373199423655,0.2951272594339031,0.29566722525437716
0.07038572193547048,0.12233057593716551,0.16265235000532338,0.1985018661365779,0.21049608733289837,0.23857823047590518,0.24761552800398626,0.2644483135431059,0.2727697895597478,0.2823393075469221,0.3004717447754209,0.3005460332858971,0.29742343083940564,0.2969164603212359,0.29290816241605405,0.29225936407503417,0.28961150937768854,0.2907610781249979,0.28828065800410296,0.2853677419644118,0.28546824387489755
0.09429096311058628,0.04637298610588731,0.044074139356885325,0.042030852337678275,0.04051435808170604,0.037147835454984346,0.03475848347322854,0.032761891247474986,0.031133010528267245,0.029602967510382605,0.02493758512108021,0.02312715134579161,0.021763028865297362,0.020496146274245765,0.01927683843053095,0.016572206670239772,0.015812659219979014,0.015259865665782805,0.014755352192715695,0.014291118253277588,0.013393058799054116
