epoch,train,valid,test,train_loss

0.07565766111988631,0.1377485305926522,0.18063223098968453,0.22089565532498337,0.2553528647334478,0.3083024917750098,0.3659289657316483,0.40706596413798485,0.4599450494583029,0.49244822165662044,0.5922619352067793,0.6282445958732571,0.661654933690697,0.6923585565087661,0.721260429318906,0.7531181547703452,0.7653527521036034,0.7771809208361377,0.7888780662338377,0.7988371103578789,0.8028977751432146
0.07163166162730566,0.12432120285197243,0.1582948082130052,0.18523517960829383,0.20762241794190794,0.22902493875365068,0.2504169638445524,0.26596197512653613,0.2832521866431436,0.2852063187664503,0.3062160011229408,0.3061357943282124,0.3023864959204708,0.3013221678690519,0.29922935892915725,0.29913688002254474,0.2976219188029238,0.2957475483783326,0.2954883097820963,0.29286373036032676,0.2911301732718306
0.06991997582031795,0.12193553392647016,0.15104255205192318,0.18507517921188604,0.20085058929223376,0.226079453373783,0.2501470081008822,0.2613454723444276,0.27658797921166073,0.2761347270267472,0.2958496966113464,0.29749685682621463,0.2959930873285553,0.2940139761066076,0.29316150267361485,0.29202803567759966,0.2912935001725425,0.2889028022559367,0.2899481873086324,0.2861018755706649,0.2849064423408891
0.08964320388933023,0.04651827952360998,0.04403974991478876,0.042012275548558256,0.04052788892803399,0.0371537202617077,0.03469950751269653,0.03274528567649458,0.031021704995604953,0.02949949386933623,0.024800661333143438,0.022961032227123982,0.021563107738075734,0.020277982951911615,0.019020309780201274,0.016302526426250668,0.015547756648805316,0.014995749085444158,0.014489863240351416,0.013989246723552545,0.013102576003737373
