epoch,train,valid,test,train_loss

0.0594005016426867,0.12329143194454516,0.17144669703327892,0.21068707203794354,0.23769293007623818,0.27632424651875576,0.33387929852794856,0.37944413672302507,0.41828648751685643,0.44747506387309977,0.5482713838202107,0.5806571397398705,0.6081656067876053,0.634783878202875,0.6532626624026565,0.6782998361402588,0.6854179816479243,0.6924829755796481,0.6999379812621316,0.7071725368886308,0.707094547213937
0.057952879710473706,0.11138888852779835,0.15123079504643078,0.17633701371547392,0.19661720633949067,0.21277648440529817,0.24500841740133356,0.2606268832360784,0.27788440015274546,0.2777915865823294,0.30329945947542014,0.3047731198137251,0.30767042028372005,0.30348124309700825,0.2995519363580516,0.30511117812751976,0.3044308458301904,0.3044720278381662,0.3037498019430145,0.3028480799915877,0.3019729185390669
0.05675669762403047,0.10789312678222793,0.14637817499719855,0.17118654178216045,0.19418116758086396,0.21903716237932044,0.23829971761148394,0.2555771438926684,0.27013247406214447,0.27125294621811713,0.2944981447248357,0.29747378347122055,0.298811541597105,0.29815796266396954,0.2940659543192684,0.2993278925187764,0.2974679976725757,0.29712787680240355,0.2974343237125412,0.29533411603699217,0.29320632153445936
0.12613737028856797,0.04696563870895727,0.04450284817764213,0.042193187574173646,0.04076183489894588,0.03770737094944785,0.03552773847721566,0.033733131949721114,0.03206561773966445,0.030572258297917265,0.02588927773983266,0.024241918127866798,0.023037049026821025,0.021933223336521424,0.02088647819218723,0.018751345724860646,0.018269163157744638,0.017925344284765363,0.017597002896512236,0.017287780346050913,0.016752887665858075
