epoch,train,valid,test,train_loss

0.05671508387902677,0.12578518012292858,0.17105364889516358,0.21946403173712092,0.2409781695927184,0.28353018170097904,0.32830767497332564,0.3745060865035228,0.4212086580664712,0.44702073812322923,0.5429852158184038,0.5736446152465215,0.599534626031613,0.6232329808576457,0.6480176395250749,0.6679376216268375,0.6748059790913347,0.6820187267166501,0.6887829243932541,0.6950679613265771,0.6976213728429318
0.0582428925584882,0.11214239006734344,0.15406496019166646,0.18681566418779602,0.20414943437430966,0.2249362870881991,0.24618060191052554,0.25674359394521284,0.2719407761282558,0.278726114882268,0.30795540229037893,0.3083429577350923,0.3083656680976199,0.3092572573171879,0.3100679458988779,0.3111828636947891,0.30994282598878364,0.3100224836845796,0.30884113598397467,0.3093521511269774,0.3088069894091567
0.0563835202492638,0.11233639129524009,0.1498324046198972,0.18351534093025682,0.20389039165988262,0.22017153078165427,0.2397588967517617,0.25379028617747207,0.26542816783252904,0.2753788829298685,0.2985499038437997,0.3003690417420379,0.29693854071003084,0.299404602013232,0.30015115891313265,0.2993665519044908,0.2980760174145241,0.2986013330614976,0.29750821276495254,0.2968378180487965,0.2967122916610158
0.13508952700603044,0.04685379220601348,0.04452557578598543,0.04224535580343513,0.04072835159755378,0.037739032454968284,0.03574714959524926,0.03381247850579881,0.032244915427698584,0.030768733823344035,0.026144439755912414,0.024551134560953817,0.023383051409726924,0.02232868061349928,0.02132282256971231,0.01923392614121144,0.01877002572467982,0.018427396352335517,0.018113092088249055,0.017825820300268205,0.01728107914610217
