epoch,train,valid,test,train_loss

0.05707512599313498,0.12086775147128538,0.1691852157459837,0.20454691671061723,0.2495618424596418,0.2861465905943331,0.32432507388404413,0.3790924323850469,0.41108524502141286,0.4475728618768479,0.5421739064277545,0.5712911586057479,0.5965759217270321,0.62157330682204,0.644179815354631,0.6644534953371157,0.6719562815387428,0.6777089265782216,0.6844567402475829,0.6911450515799719,0.6943108276505688
0.05772770635757112,0.10794890741733529,0.14693236898332565,0.16946987557916088,0.2117066201719665,0.2231850286884034,0.24128573943429169,0.26213025910382526,0.26484851251836034,0.28223263978830904,0.30518186760616894,0.30590767076600417,0.3077502546342123,0.3066045796882199,0.30818841742688113,0.31041132889079986,0.3110478551075683,0.3107350278565544,0.3099962801428817,0.3090254519367057,0.30944707182613934
0.055735068635929634,0.10662691468947005,0.14401671301446653,0.16637190746137948,0.20376716753371688,0.22081351956678755,0.23539322072633664,0.25376985382968287,0.25715008242761295,0.2692037776456251,0.29515556384528907,0.2931294730172736,0.29569062342326013,0.2954963483323147,0.29781513666968157,0.2980230547759217,0.2979100614809678,0.29734786382549155,0.2968629053340397,0.2958948473466134,0.29631987678384036
0.12632819522686514,0.04701489039715121,0.04447026542334159,0.042115153393104746,0.04067562024841742,0.03767138819153767,0.03559697142253181,0.03381468518790187,0.03219338492854309,0.03077231573282453,0.026122570903175848,0.024510063338817972,0.023346928612943373,0.02232705452462415,0.021327728011364414,0.019267293098372447,0.018796259333931285,0.018478980792687703,0.01818494251714931,0.01788123593909885,0.017343528822494344
