epoch,train,valid,test,train_loss

0.054816929820029704,0.12070009937763977,0.168901066633962,0.20325391402354115,0.23852534122191246,0.29713589591420597,0.33343563472819815,0.3693637635017549,0.40348062881342134,0.4547156331799,0.5460841900305597,0.5782511331474834,0.6066343108007324,0.6274320199876657,0.6539214573932808,0.674730194884446,0.6815049016723014,0.6895168334415955,0.6965300983696816,0.7030797400352125,0.7052229414937065
0.05533537373223912,0.1112842788126518,0.15561991394625468,0.17415392387429224,0.19929649759000406,0.22778885653697223,0.24138966426484104,0.25673333393709213,0.2570722449141135,0.2739004172089622,0.2988027024890809,0.3038738621407233,0.3025044147680722,0.3014999378234392,0.30222316178715924,0.30392200805560077,0.30247916500177163,0.3025491227832548,0.30192352931930555,0.3026196952960511,0.30223715702798626
0.05451963517287926,0.10755104890226123,0.1474677171628161,0.1735124041532392,0.19564831406514682,0.22639154918728005,0.23337577801257212,0.248582750437183,0.2486666049525949,0.26827016151852395,0.29034766900237835,0.2952229876570721,0.29379862859923345,0.290915610998091,0.2934968031399696,0.2952767584886024,0.2927649883053857,0.29282582855351386,0.2924697070256112,0.29276116095982835,0.29253136084526643
0.14854981762427127,0.0470866660898384,0.04461634888431402,0.04224954612710948,0.04074184457894613,0.03768754944578085,0.0355165657098218,0.033694450187696165,0.0320839924605834,0.03061495228875306,0.025916719764955423,0.024313200469257362,0.02310526723938758,0.022027028179465582,0.0209891710782776,0.018878367638325632,0.018399201936603486,0.018059823240090225,0.017738030636662697,0.017431466189166158,0.016885636294079662
