epoch,train,valid,test,train_loss

0.07420337415422316,0.14110241621166364,0.18816230968586617,0.23233414505833627,0.2512594967379483,0.30933424837261425,0.35920764070711253,0.4003361758678313,0.4429636268399434,0.48074469063571834,0.5823730487366016,0.614862937661335,0.6444612413664776,0.6742839529981587,0.700373526160189,0.7218707981235587,0.7306307045726841,0.7384595266344169,0.7451305593050731,0.754515848167114,0.7564864943559152
0.07274446491739328,0.12346349684803193,0.16535273772596462,0.19593456397737485,0.2076010705269432,0.23899266189313706,0.24935495468491012,0.2613953468746603,0.2716564819252879,0.2822937876634891,0.3066759767232913,0.30760856197944764,0.3023161519767178,0.30200879040061174,0.2992117109796603,0.2997220243455737,0.2998392037630169,0.29827893202418854,0.29667432293866686,0.2958417496790581,0.2952151975703623
0.07001524587315099,0.1251136726306023,0.16620932491000145,0.1974966233119494,0.20934495715856424,0.2354166571537772,0.25002894700757455,0.2571765825327114,0.2728371548963415,0.2810261816772599,0.30488163360953263,0.30350955775604244,0.298503535559334,0.2966654717892532,0.29586532364979345,0.29463826510474944,0.29368216474379105,0.2941902969030854,0.2916799727056337,0.2913846115325386,0.2911376136884872
0.09428996408468784,0.04630193012217953,0.04396424690882365,0.04198573178046098,0.04050881740947564,0.037113733678784,0.03472347363132184,0.032780616160090925,0.031170318820875256,0.02965730042235084,0.024917978626510053,0.023156308728402065,0.02188800000725952,0.020719900079854,0.019585694053707876,0.01725066510373599,0.01670460895146137,0.01632699463235801,0.015967491015910967,0.015637498030515565,0.015029046114057847
