epoch,train,valid,test,train_loss

0.0762864456173166,0.13746399364472106,0.18340857367922533,0.21968194681171885,0.25391541322782174,0.3092115797028704,0.35755606480741653,0.4078005858722112,0.4533577053837393,0.4888924489113163,0.5853252690145054,0.6194003068561663,0.6490643253826034,0.6785606355671869,0.7041605714322869,0.7253213373948361,0.7351097172638824,0.7426982519398767,0.7517160232479175,0.7591857193554031,0.75925540383347
0.07217374479174367,0.12336058260529317,0.16131730154435597,0.18257531605042585,0.20923879367473544,0.2350844039368644,0.2507888182535318,0.2678496858737222,0.2884724534147136,0.2880409577221888,0.309261507484519,0.30683220939100425,0.30524222329069,0.303337130856843,0.3032582562812791,0.30162827286757954,0.30070657251529376,0.2987034420681924,0.2991679407788835,0.29922090032205195,0.29732594293967485
0.07032335822186271,0.12171953901249806,0.1536002738152742,0.17814978914363652,0.20659031255190657,0.23251218535090476,0.2500110786609096,0.2634459946942807,0.28314127692170554,0.27592935383037465,0.3003705449047324,0.29936196935692455,0.29805277266180125,0.2954832443760645,0.2946600076399155,0.29535656906045543,0.29445075661861925,0.2916904560850359,0.2919188137129356,0.29065216709164976,0.2889382790246344
0.0896381809906056,0.04650342361465709,0.04410001848862596,0.042078597469416924,0.0404973857131995,0.03706072662178784,0.034648469125503276,0.03271437229188882,0.031031856402142406,0.029554545746682443,0.024754920851218103,0.022957378459337367,0.02165104858305084,0.02046236348904023,0.019271847256735714,0.01689297419177479,0.016344043051220104,0.015943229415083995,0.015571622792291179,0.015222614348513078,0.014602772999197653
