epoch,train,valid,test,train_loss

0.0743435121917866,0.1386796699718922,0.1910507148910205,0.23287760754426512,0.24691374639292632,0.31225574565624137,0.3611412566302781,0.40577555748086713,0.44669008814876426,0.48668814264324517,0.5843721310840613,0.6189737903440526,0.6455578812135465,0.6750293130142313,0.699401064148773,0.72182184774129,0.7297876088917352,0.7386875113876153,0.7470978848434257,0.7552664345281888,0.7576620695449315
0.07255730643554424,0.12321449257367882,0.1641936978737418,0.19606301823793368,0.20979855388623112,0.23803693652098842,0.24861657322428943,0.2673864334030856,0.27116017235764095,0.28364028559058896,0.3081869528570385,0.309064894707842,0.3085273933616147,0.3057027883344367,0.3028034232006241,0.3033149588892198,0.3019762526797946,0.3018143843964332,0.29956094317282467,0.29900084099806795,0.29947440059619623
0.07038572193547048,0.12233057593716551,0.16265235000532338,0.1985018661365779,0.21049608733289837,0.23857823047590518,0.24761552800398626,0.2644483135431059,0.2727697895597478,0.2823393075469221,0.30096548149667846,0.3023054853616078,0.29825869112173836,0.29789467345740134,0.2959180588723808,0.2954730440270144,0.29311777022812513,0.2927000244827044,0.2918510823358857,0.2905355444339255,0.2908458935877261
0.09429096311058628,0.04637298610588731,0.044074139356885325,0.042030852337678275,0.04051435808170604,0.037147835454984346,0.03475848347322854,0.032761891247474986,0.031133010528267245,0.029602967510382605,0.02482789480846086,0.02308235808186335,0.021819738249154123,0.020647971629756227,0.019523936480062603,0.017212082380301332,0.01666440403752335,0.01626822051043584,0.015906327517541577,0.015584452254655155,0.014968569398810874
