epoch,train,valid,test,train_loss

0.07752207876933645,0.13760051122968353,0.18612252326289153,0.22629731102008438,0.2529039053026778,0.3109308914687521,0.3449682859677507,0.4038340312164133,0.45130563826330405,0.48046958150004526,0.5817021420154028,0.6151273742208961,0.6427492114235118,0.6710696449018353,0.6961241140087003,0.7172061661603094,0.725160978667779,0.7349978268561688,0.7416927288296258,0.7475975133497723,0.7493561743790009
0.07366853784452672,0.12436634412332388,0.16222959219174493,0.19664428292600922,0.20716536058649876,0.23358482707503964,0.24706858148318767,0.265755767311246,0.2836596315362268,0.2780397284371086,0.3097115019657378,0.3080189848042963,0.3122019698594621,0.31002145932637376,0.30741041371040967,0.3108578993431126,0.31016596178322053,0.308228267588347,0.3078017366489264,0.30521858019200393,0.3055986804224482
0.07090351790986499,0.12037960835764547,0.15443300772834345,0.1907831472758567,0.19902254080678708,0.22910656770349347,0.24684320768431464,0.26254228022782,0.26959547158514235,0.2737427599052154,0.2995794109640228,0.2985984165397034,0.29968413187692033,0.2973478580952186,0.2981752012160152,0.29795940208075083,0.2966764262509637,0.29509338098759896,0.2955280789722598,0.29316079673115947,0.2928000456593457
0.08624209524051511,0.04649912381723319,0.04398174228835596,0.04197775119413796,0.04051345338458068,0.03714688751047061,0.03473611828126864,0.03284644639859461,0.0311886406381993,0.029764436092142646,0.024972799269984303,0.023181671401375233,0.02195924573701266,0.0207694185788841,0.019662145167827334,0.017383648667433492,0.016853177035610154,0.016496558915568543,0.01614178280784115,0.015797432357079633,0.015194561257788307
