epoch,train,valid,test,train_loss

0.07356055571198286,0.13628674345653136,0.19049947800551886,0.22263463685771281,0.24841820167823586,0.3096141298830805,0.36233677058821007,0.4079835228431662,0.45046993959040094,0.48018759166870156,0.5794408696376487,0.6116124914841409,0.6392330244345383,0.6666320839508059,0.694154840857737,0.7154737942905529,0.7241459146348815,0.7313860665898907,0.7386128907672255,0.7456525722916509,0.749465744003344
0.07139965559379176,0.12120099049603152,0.16569749708849787,0.18757222479157315,0.20615012410241992,0.23302546499971433,0.2569634537822737,0.270901085322493,0.2795939741118534,0.2890245782929371,0.30857655373940474,0.30792678753857033,0.30684184276258,0.30365708312858714,0.3037813109395266,0.30204064962661875,0.3010718503897215,0.3009439221568676,0.3012504732618007,0.29823173562810273,0.2986785118042951
0.06812857842986919,0.11994216609629597,0.1576995088985496,0.183805138501849,0.19937143163943594,0.23878970330230218,0.25276596247836575,0.2692560902610098,0.2803365477933985,0.281665455693406,0.3010093742531584,0.29999186300358094,0.29882282480683264,0.29777833123243375,0.29600983478994314,0.29595160969938483,0.29473045229194705,0.2948600684509262,0.29393917709453493,0.2925898912709246,0.292274159743459
0.0898151105240872,0.04647835727968173,0.043978470412495474,0.04206043789239779,0.040568846622694575,0.03720526368361494,0.03482007610233135,0.03293376644435402,0.03127256667777283,0.029841637564440297,0.025081289708784454,0.023340787584957196,0.02208215134805196,0.02091447853521533,0.01978772929321005,0.017476878584315788,0.01695177392345177,0.016574548176026237,0.016234918397906573,0.01588653227918224,0.015292865375660734
