epoch,train,valid,test,train_loss

0.07302023271609022,0.13798468929135443,0.18476233947878848,0.22485480743585304,0.2515630789691622,0.3103431327032222,0.3587374395242208,0.41258831443191823,0.45020108098406697,0.4857039710380967,0.5896046954212947,0.6244066443507024,0.6528162736057015,0.6793925424048264,0.705346239397924,0.729434769659681,0.737489473345483,0.7472353494893872,0.7547648144924598,0.7616297076076946,0.7643593062788799
0.07004567740616774,0.12756559684554156,0.17035361907863145,0.19011318815431527,0.20899765670755333,0.23406256270638792,0.25500404054262205,0.2773808172392863,0.28013978173124915,0.2868295952816907,0.3096414436776358,0.3088045193754903,0.30671560744820275,0.30708522243273895,0.30393382061400315,0.30409935002268,0.3022025352045961,0.30134658121748364,0.29965878650351446,0.29927476772128514,0.2990501862367691
0.06731293416289412,0.12304510960216737,0.16005631061698886,0.1929798422592773,0.2074977214136662,0.2322035991131741,0.2423037765542611,0.2646370732849641,0.269734909707991,0.27636692747983355,0.3029448811249361,0.30133969700300245,0.2970886151792887,0.29702781178187837,0.2931007583529248,0.29274663393696565,0.29066385035462544,0.29068654418801787,0.2891336353659432,0.28826139598983425,0.2884278825488896
0.10135208099978428,0.046582741673406404,0.04405924324201394,0.04201004550983645,0.04041665211251882,0.037100074742006384,0.03464266790817045,0.032670831671112205,0.030975018937191734,0.0294639752359559,0.02457909078205421,0.022836917245667002,0.021535822859365648,0.020327931642787504,0.019177435135902608,0.01685104460136531,0.016299307444196654,0.01591299292678226,0.015560574939465959,0.015224889098543283,0.01460704173986294
