epoch,train,valid,test,train_loss

0.07565766111988631,0.1377485305926522,0.18063223098968453,0.22089565532498337,0.2553528647334478,0.3083024917750098,0.3659289657316483,0.40706596413798485,0.4599450494583029,0.49244822165662044,0.5888625481448797,0.6228069167429193,0.6545473641008742,0.6820270197253722,0.7076961330435678,0.7294425044624534,0.7378339181049551,0.746820807478367,0.7551300780557624,0.7619472691772663,0.7630847269494732
0.07163166162730566,0.12432120285197243,0.1582948082130052,0.18523517960829383,0.20762241794190794,0.22902493875365068,0.2504169638445524,0.26596197512653613,0.2832521866431436,0.2852063187664503,0.3051431092643863,0.30677085146507016,0.30373068363759625,0.30309525449966046,0.30279195847395424,0.3016724087763548,0.3003614536964431,0.2997510192132722,0.29894608728303623,0.2961399197027509,0.2954198703483476
0.06991997582031795,0.12193553392647016,0.15104255205192318,0.18507517921188604,0.20085058929223376,0.226079453373783,0.2501470081008822,0.2613454723444276,0.27658797921166073,0.2761347270267472,0.2962727919449271,0.29818369540899287,0.29763158568905906,0.2976055399869934,0.2946194902462974,0.2956822862613751,0.2936508508868789,0.29285988098693877,0.29272483514821857,0.2909047152377149,0.2896869536999602
0.08964320388933023,0.04651827952360998,0.04403974991478876,0.042012275548558256,0.04052788892803399,0.0371537202617077,0.03469950751269653,0.03274528567649458,0.031021704995604953,0.02949949386933623,0.024689005771354182,0.022922704916736578,0.021628372917062343,0.020446959116823597,0.019294690170993,0.01697153773286367,0.016425543627595383,0.016042364337332717,0.015677692469413557,0.015326591690143221,0.01473179546656878
