epoch,train,valid,test,train_loss

0.07285329006227804,0.13837945084943717,0.1854622354364169,0.22205396447064002,0.2529742755480569,0.31021097843121015,0.3557648237054642,0.4086486951073045,0.4513447148863324,0.48901429090309967,0.5852086524522113,0.6204104572435029,0.6495591209674939,0.6770644456098438,0.7025373467601936,0.7248549673554724,0.7332857025921728,0.7421031664562351,0.7499220111370174,0.757189932622972,0.7596641584682199
0.06989819539718026,0.12704306541428267,0.16837134627149378,0.18464465670765343,0.20742597135927168,0.23129292139447125,0.24903586269916952,0.2727446952558281,0.2790592688344873,0.2891514110735272,0.3133176237392457,0.3134559274841968,0.31095400410179386,0.3107088938107428,0.30744445278972254,0.3090314890936091,0.3066538841127495,0.30654416027847875,0.3052864849127161,0.3058871585971153,0.3057223925053739
0.06745591424320387,0.12515325009842118,0.16027193994294234,0.19164925791730913,0.20735050365767416,0.23245614038620566,0.24490892634983671,0.26810164514034196,0.27012479155992175,0.28310092067282394,0.3079401344790153,0.30790346926439,0.3042274033107746,0.30273233034738256,0.30131003826880565,0.29993914423542933,0.29854511436111963,0.2972745061093897,0.2951358858896654,0.29498249459716364,0.2950967591975013
0.10134814600728145,0.046539599186141194,0.04407258438635362,0.04195543157863835,0.0403553762157622,0.037031283964781454,0.03459309182822976,0.032656398431385215,0.030996240705387777,0.029542810912818126,0.024708396758560992,0.022966162171299872,0.021688715368509293,0.02048326671276599,0.019345805799954287,0.016994279844762938,0.016436908811194712,0.016058618040270593,0.015699298230412342,0.015350651594057475,0.014729262885539772
