epoch,train,valid,test,train_loss

0.07565766111988631,0.1377485305926522,0.18063223098968453,0.22089565532498337,0.2553528647334478,0.3083024917750098,0.3659289657316483,0.40706596413798485,0.4599450494583029,0.49244822165662044,0.5239553020079093,0.5582718881478839,0.5817031496795453,0.6232225686804657,0.6342265516456537,0.7627677448340574,0.7957291735435932,0.825056197542982,0.8520436408808046,0.8720237665015119,0.8885761334815383
0.07163166162730566,0.12432120285197243,0.1582948082130052,0.18523517960829383,0.20762241794190794,0.22902493875365068,0.2504169638445524,0.26596197512653613,0.2832521866431436,0.2852063187664503,0.2853512357341371,0.28810915319596336,0.2794675143198155,0.28329880300789656,0.27313133639696646,0.30017357724803706,0.2975672192863233,0.2937170391355735,0.2916249210742021,0.2876087705184319,0.2853671713770553
0.06991997582031795,0.12193553392647016,0.15104255205192318,0.18507517921188604,0.20085058929223376,0.226079453373783,0.2501470081008822,0.2613454723444276,0.27658797921166073,0.2761347270267472,0.27844278867366423,0.2793047777769624,0.2710689279111991,0.2769778058669163,0.2643108202301748,0.29040396953961517,0.2887943450213421,0.28391456755713335,0.2825459469531997,0.277951399576085,0.2748496871217187
0.08964320388933023,0.04651827952360998,0.04403974991478876,0.042012275548558256,0.04052788892803399,0.0371537202617077,0.03469950751269653,0.03274528567649458,0.031021704995604953,0.02949949386933623,0.028123698470323054,0.026842558656619293,0.025595215449288285,0.024454208320882766,0.023325141792836256,0.017961327762398272,0.015917171576319764,0.014550267940123467,0.013358742648344402,0.012234021784423012,0.010095453120887143
